{
  "feature_set_name": "base_selected_v",
  "threshold": 0.65,
  "search_smote": false,
  "shortlist_strategy": "performance_filtered_diverse_shortlist",
  "roc_auc_tolerance": 0.005,
  "selected_columns": [
    "TransactionAmt",
    "ProductCD",
    "card1",
    "card2",
    "card3",
    "card4",
    "card5",
    "card6",
    "addr1",
    "addr2",
    "dist1",
    "dist2",
    "P_emaildomain",
    "R_emaildomain",
    "C1",
    "C2",
    "C3",
    "C4",
    "C5",
    "C6",
    "C7",
    "C8",
    "C9",
    "C10",
    "C11",
    "C12",
    "C13",
    "C14",
    "D1",
    "D2",
    "D3",
    "D4",
    "D5",
    "D6",
    "D7",
    "D8",
    "D9",
    "D10",
    "D11",
    "D12",
    "D13",
    "D14",
    "D15",
    "M1",
    "M2",
    "M3",
    "M4",
    "M5",
    "M6",
    "M7",
    "M8",
    "M9",
    "V284",
    "V310",
    "V286",
    "V307",
    "V304",
    "V305",
    "V309",
    "V127",
    "V98",
    "V99",
    "V107",
    "V111",
    "V109",
    "V117",
    "V120",
    "V121",
    "V123",
    "V130",
    "V281",
    "V283",
    "V289",
    "V296",
    "V301",
    "V314",
    "V12",
    "V14",
    "V18",
    "V20",
    "V23",
    "V26",
    "V27",
    "V29",
    "V53",
    "V56",
    "V62",
    "V65",
    "V67",
    "V68",
    "V69",
    "V74",
    "V75",
    "V78",
    "V79",
    "V83",
    "V87",
    "V88",
    "V89",
    "V90",
    "V35",
    "V38",
    "V41",
    "V45",
    "V47",
    "V48",
    "V52",
    "V1",
    "V3",
    "V5",
    "V7",
    "V10",
    "V220",
    "V222",
    "V234",
    "V239",
    "V251",
    "V271",
    "V169",
    "V210",
    "V209",
    "V185",
    "V197",
    "V201",
    "V173",
    "V203",
    "V205",
    "V215",
    "V223",
    "V264",
    "V240",
    "V257",
    "V260",
    "V268",
    "V332",
    "V325",
    "V335",
    "V138",
    "V158",
    "V142",
    "V147",
    "V162"
  ],
  "top_k": 2,
  "candidates": [
    {
      "rank": 1,
      "model_name": "xgboost",
      "feature_set_name": "base_selected_v",
      "search_smote": false,
      "best_cv_score": 0.9141837788183228,
      "best_cv_roc_auc": 0.9141837788183228,
      "best_cv_average_precision": 0.6117729506585513,
      "best_cv_f1": 0.53879365508469,
      "best_cv_accuracy": 0.973443914687289,
      "best_cv_recall": 0.39180247379272326,
      "best_cv_precision": 0.87312669733187,
      "num_cv_folds_used": 3,
      "best_params": {
        "sampler": "passthrough",
        "model__subsample": 0.8,
        "model__n_estimators": 500,
        "model__max_depth": 8,
        "model__learning_rate": 0.03,
        "model__colsample_bytree": 0.8
      },
      "best_sampler": "passthrough"
    },
    {
      "rank": 2,
      "model_name": "lightgbm",
      "feature_set_name": "base_selected_v",
      "search_smote": false,
      "best_cv_score": 0.9076544950361818,
      "best_cv_roc_auc": 0.9076544950361818,
      "best_cv_average_precision": 0.5607309906219307,
      "best_cv_f1": 0.3523257105557138,
      "best_cv_accuracy": 0.890123615780964,
      "best_cv_recall": 0.7429051124044292,
      "best_cv_precision": 0.23198936203365192,
      "num_cv_folds_used": 3,
      "best_params": {
        "sampler": "passthrough",
        "model__num_leaves": 63,
        "model__n_estimators": 200,
        "model__max_depth": -1,
        "model__learning_rate": 0.03
      },
      "best_sampler": "passthrough"
    }
  ]
}